,City,NickName,Province,Sex,Signature
0,,小七七,,2,你19岁的样子很美，但不是你美，是19岁很美。
1,,巧鹅,,2,
2,荆州,小五五,湖北,1,
3,荆州,王子xuan,湖北,2,
4,,想删qq的孩子,,0,
5,长沙,刘志轶,湖南,1,未来总是不可期待
6,荆州,阿萌,湖北,2,我有我的坚持
7,,說什麼好,Vorarlberg,2,
8,绍兴,大海深处的城,浙江,1,我们走得太快了，灵魂跟不上，让我们停下来，等一等灵魂！
9,江北,🌸甜甜🌸,重庆,2,教师资格证，双证，自考成考，职称评审，会计从业，计算机一二级
10,丰台,大葡萄 (-^O^-),北京,2,
11,南京,Z,江苏,1,
12,,老妈,,0,
13,,Synet小助手-皮卡丘,,0,助手工作时间：周一到周五，下午两点到六点
14,,Synet小助手-史努比,,0,助手工作时间：周一到周五，下午两点到六点
15,,肖瑶,,2,执念。
16,武汉,陈老师spss数据分析,湖北,2,陈老师spss数据分析
17,厦门,班主任林老师(研途宝),福建,2,3年考研辅导经验，每日精选答疑20人，需答疑同学请提前私聊老师
18,,图文碎片2,Upper Austria,2,微博：图文碎片 推广请私信 删除请通知
19,,墨香久久,,0,谢谢大家支持，我会搞更多的福利给大家
20,,清南妹妹,,2,嗯，就是那个卖情感药和鸡汤粉的多啦爱梦南
21,,TRE北京西单大悦城,Agrigento,1,北京市西城区西单北大街131号。大悦城4层
22,,小 塔哥😘,,2,我是衣品天成女装主理人小塔
23,,七小格,,0,至潮单品 每周四上新
24,,诗涵,,0,
25,武汉,何以痴狂言,湖北,1,
26,丰台,y,北京,2,新生活 新气象
27,,小野狼美国代购,,0,
28,南昌,龚琴,江西,2,努力的过好自己～
29,朝阳,Bigger常～,北京,1,珍惜眼前人
30,Brisbane,🦁,Queensland,2,
31,东城,茜仔,北京,2,
32,海淀,研究生考研复试,北京,2,做行业最好课程，赢学员最好口碑！保障课程质量，保证教学效果！
33,杭州,茶叶蛋,浙江,1,恐怕我一解释，就会泄露天机，
34,,左手倒影,,0,
35,武汉,z先森,湖北,1,有书真富贵，无事小神仙
36,荆州,小禹,湖北,2,
37,,Airis（晓楚）,,0,
38,湾仔区,Aimee,香港,2,有时候，冷漠的心需要一个温暖的微笑
39,西城,柏元元,北京,2,
40,丰台,rain man,北京,1,困啊！
41,,Summer。💭,,2,                          开始的路就不叫远方。
42,秦皇岛,杨希涵,河北,2,"生活不是看到希望才去坚持，
而是坚持了才看到希望。"
43,广州,张东,广东,0,
44,,社长,,1,告诉我你的“报考时间-报考学校-专业-姓名”拉群
45,西城,😏 CUEB陈川,北京,1,好饭不怕晚
46,,A研学姐文宜学姐哦,,2,
47,海淀,魏雪,北京,2,live young and full
48,丰台,茗寞迟,北京,1,爱，就疯狂，两人撑起所有梦想。不爱，就坚强，一人抗起所有伤
49,武汉,Jerry,湖北,1,夜中的风铃
50,,㊙猫猫包袋- VIP小圈子,,0,此号已满，请加maomaobag046
51,广州,Jerold Chen,广东,1,I bet.
52,广州,Toziar,广东,1,有嘛好玩的？
53,广州,严博,广东,1,
54,铜梁,冲,重庆,1,努力过好今天！
55,西城,扈航Nick,北京,1,Bakebubakebu Sasagi
56,,肖正,,1,姚正安
57,丰台,就我啦,北京,2,
58,南京,泽,江苏,2,自渡
59,海淀,田枫蓝,北京,2,一起的
60,,略℡,,1,。。
61,揭阳,温小新,广东,2,
62,房山,杜羽,北京,2,
63,河池,啊雏💋,广西,2,
64,,盛放：Tammy💨,,2,
65,宁波,换个名字～,浙江,0,
66,丰台,氢离子,北京,2,
67,荆州,幸运星,湖北,2,
68,海淀,呼呼~~,北京,1,我很...
69,西城,黄俊,北京,1,简单做人，踏实做事。
70,东城,Eva,北京,2,"<span class=""emoji emoji1f63d""></span>honey~honey~(๑•̀ㅂ•́)و✧"
71,海淀,伊芯慧,北京,2,天亮就要狂奔
72,丰台,刘晓晔,北京,2,"傻<span class=""emoji emoji1f436""></span>"
73,厦门,研途宝李老师,福建,1,厦门•研途宝  没有考不上的研究生！只有不努力的自己！
74,武汉,Yves-FENG,湖北,1,
75,海淀,龚熙雄,北京,1,step by step
76,Brant,ぎりぎりの,Ontario,2,
77,,听,北京,2,
78,长沙,👾,湖南,1,谁年轻时没干过几件蠢事。
79,西城,🔆,北京,2,愿崖下便是星空辽阔🌠【胖圈暂关
80,,糯米,,2,
81,通州,xavixia,北京,1,i n 55!w !
82,丰台,杨磊磊,北京,1,萧索
83,西城,张张张,北京,2,太阳升起，我们又该出发了
84,东城,张欣禹,北京,2,诸恶莫作 众善奉行 自净其意 是诸佛教
85,丰台,赵建亮,北京,1,顺势而为胜过千方百计
86,,Jessie🍀,北京,2,
87,本溪,刘瑾,辽宁,2,累了就睡觉，醒了就微笑
88,泰州,菠萝的海,江苏,2,
89,武汉,刘洋,湖北,1,
90,广州,宫琪琪🙈,广东,2,老宫
91,南昌,Qijie,江西,2,不打扰 是我的温柔:-)
92,丰台,迟建松,北京,1,尽其当然，顺其自然。善义孝诚、理性、无趣
93,,Tammy🍟,,0,
94,宁德,随风,福建,1,"Le vent se lève, il faut tenter de vivre"
95,广州,连清,广东,1,
96,,おfacebookき,,1,
97,,董月华,,0,fighting
98,,C&amp;R,Jujuy,2,
99,,Tsing,北京,2,生活不只有眼前的苟且，还有诗和远方。
100,唐山,菲菲,河北,2,道之大原出于天，天不变，道亦不变
101,丰台,赵🌻蜜,北京,2,我的征途是星辰大海
102,平谷,iverson,北京,1,雷霆雨露俱是天恩
103,丰台,许妍青,北京,2,
104,海淀,大瑶瑶,北京,2,
105,丰台,冰馨Skylette🍃,北京,2,"路途遥远
所以才更需要内心的坚定"
106,东城,崔思瑶 Siyao,北京,2,最想要到的地方 怎能在半路就返航
107,,田瑜,北京,2,
108,大兴,常雨竹,北京,2,
109,新乡,kestlm,河南,2,道之所存，虽千万人吾往矣；情之所钟，虽千万里吾念矣
110,呼伦贝尔,Chrissy,内蒙古,2,   Ignite your bones.
111,昌平,李卉,北京,2,
112,,🦄Kitty🦄,北京,2,交浅别言深 情深别刻薄
113,朝阳,芮文豪,北京,1,
114,东城,安静的浪不起来,北京,1,you are special！
115,海淀,Abner📖 朱老师,北京,1,学生不是顾客而是家人；经营的不是教育而是责任与未来…
116,,赵红涛,北京,1,b what u wanna b
117,广州,亭子,广东,2,
118,,要奋斗的小渣子,,2,想当一个有梦想肯尝试的人
119,襄阳,连夏,湖北,2,
120,Minneapolis,一个视学习如生命的金刚葫芦娃🌚,Minnesota,1,"♡













⑥"
121,,DIY研习社小助手,上海,2,
122,,陈瑶瑶,北京,2,
123,西城,flora,北京,2,又共谁，自然散去，茶凉掉淡似清水
124,武汉,zhujin,湖北,1,诺不轻许，故我不负人。完美！
125,石景山,任英杰,北京,1,Gi
126,长春,Prima,吉林,2,成功不必在我，而功力必不唐捐。
127,海淀,强强,北京,2,
128,,Kaká,Madrid,1,不以物喜，不以己悲。
129,宁德,陈雅丽,福建,2,
130,广州,飛,广东,1,Life is short as the falling of snow.
131,丰台,吕恩如,北京,2,Fearless
132,昌平,轮～,北京,1,玉叶金柯 无与伦比
133,无锡,居盈,江苏,2,
134,,沃德天·拉莫裤·帅徳布耀布耀徳饼,,2,我吃火锅你吃火锅底料 谢谢：）
135,武汉,咯叽咯叽👀,湖北,2,🤪
136,张家口,Mr.sun丶志誌,河北,1,新号17701322993
137,海淀,Lx,北京,2,
138,,李振铎,,1,读书，跑步，刷知乎。甚好
139,,西君 彻。,Kanagawa,1,心脏。
140,深圳,Peter,广东,1,To be better
141,枣庄,Be a man,山东,1,
142,西城,刘禹存🍊,北京,1,凡心所向 素履所往  生如逆旅  一苇以航
143,,海底森林,Oklahoma,1,Don't forget why we set off.l
144,,A00A-淳熙🌀,,0,总得熬过无人问津的日子，才能拥抱诗和远方 。 ​​​
145,咸阳,二进制,陕西,1,生活就像二进制，不是1就是0
146,广州,廖森,广东,1,哈哈哈哈哈哈
147,,庭聿,北京,1,但问耕耘，莫问收获，不为圣贤，便为禽兽。无为而为，活在当下。
148,武汉,Traveler,湖北,1,祭祀 神殿 征战
149,南京,吃土人士夏堇甬,江苏,1,不学无术，玩物丧志
150,海淀,许玥霖,北京,1,慧极必伤，
151,广州,姚逸,广东,1,曾经梦想仗剑走天涯，后来作业太多就没去！
152,,CP,北京,2,学习就要清心寡欲，勿搞什么幺蛾子
153,,JUSTGO,,0,
154,荆州,A没有六块腹肌不换头像,湖北,1,18
155,门头沟,郭嘉琦,北京,1,月が綺麗
156,成都,Spurs,四川,1,
157,荆州,湖苏,湖北,1,
158,武汉,凌瑞笙,湖北,1,To indeed be yourself!
159,荆州,Leesijia^,湖北,2,你若一心相信，就可以…
160,深圳,蒋宇康,广东,1,人的心，还是像水吧。可以受伤，但永远有痊愈的力量。
161,万州,鮫島智子🍰MM豆,重庆,2,"(இωஇ)下雨天留客天天留我不留<span class=""emoji emoji1f499""></span><span class=""emoji emoji1f49c""></span>"
162,荆州,Orion p1E,湖北,1,since1974
163,荆州,WLB,湖北,1,夏令营中
164,,Anna🎈,北京,2,"<span class=""emoji emoji1f49d""></span> 珍惜眼前一切"
165,广州,Zoe,广东,2,
166,大兴,🐵🐵,北京,2,不能改变就只好接受，人生还是要往前看的
167,杭州,人品姑娘,浙江,2,没有任何阻碍的路      不通往任何地方
168,荆州,壹君,湖北,2,难造玲珑心
169,广州,泽龙,广东,1,世上本没有真相，你信什么，什么就是真相
170,扬州,aspirin,江苏,2,"一条有梦想的咸鱼<span class=""emoji emoji1f47b""></span>"
171,,陈雷,Kyiv,1,靡不有初，鲜克有终。
172,石景山,🥀🍂,北京,2,
173,,Jimmy,,0,
174,,Song,,2,Lost...
175,,鱼先生🐟,,1,我希望每个人都能为了理想而活
176,西城,嘿嘿,北京,1,
177,,塔哥～,,0,
178,,糖dai王,,1,23：00  睡觉
179,漳州,Ryan,福建,1,
180,,！！,,2,努力做好现在的自己
181,朝阳,润泽 🐻,北京,1,
182,荆州,雷天🤓,湖北,1,感谢遇见的人让我不断认识自己
183,兰州市,马健方,甘肃,1,
184,海淀,半生缘,北京,1,"stay hungry,stay foolish."
185,朝阳,昕昕小,北京,2,
186,成都,知蔚,四川,2,一以贯之 行而致远
187,丰台,马丽丽,北京,2,心简单世界就简单，幸福才会生长；心自由生活就自由，到哪都快乐
188,丰台,xxxx,北京,2,小王子的玫瑰
189,深圳,Xzc,广东,1,
190,汕头,钦鸿,广东,1,握的手握好，我有多渺小，也，做得到
191,,Julian宇昕,,1,没有脱离低级趣味的人
192,西城,陈乾,北京,1,
193,北海,陈33,广西,2,Every dog has its day
194,房山,王润宁,北京,2,"路虽远  行者将至<span class=""emoji emoji1f44a""></span>"
195,,Renee,,2,
196,武汉,东东,湖北,1,
197,武汉,🔨,湖北,1,不要说话。
198,惠州,沈玙🐳,广东,2,不完美的完美
199,丰台,王栋,北京,1,得不到的人，都是梦。  人人都爱做梦。
200,朝阳,PP✨,北京,1,负责搞笑
201,,zyj,,2,
202,丰台,車,北京,1,慎断是非！
203,,LAN,,2,
204,荆州,余,湖北,2,投我以木桃，报之以琼瑶。
205,,爱美壳,,0,
206,海淀,我是谁呢,北京,2,为了相遇
207,,yán qíng,Naples,2,"<span class=""emoji emoji1f4aa""></span> <span class=""emoji emoji1f4aa""></span> <span class=""emoji emoji1f4aa""></span> Man proposes,God disposes."
208,San Jose City,维～Winnie,California,2,
209,广州,G-gun,广东,2,勿忘初心，爱&amp;珍惜
210,荆州,月風,湖北,2,雪霁商山
211,,Synet小助手-米奇,,0,工作时间工作日9:00-18:00 已满人勿加
212,广州,Jw,广东,1,#Loser&amp;Hamburger #
213,,楠,,2,你曾说过不分离，现在我想问问你，是否只是童言无忌。
214,长沙,小康,湖南,1,金风玉露一相逢，便胜却人间无数
215,丰台,吹泡泡的气球,北京,2,遇见
216,荆州,星野_常青,湖北,1,地球人的想法都很奇怪啊     有点不能理解了
217,丰台,黄中意,北京,2,"不畏将来，不恋过往<span class=""emoji emoji1f4aa""></span><span class=""emoji emoji1f4aa""></span>"
218,,ANNA小姐（已满）,,0,
219,,研途君爱学习,,0,博学笃志，切问近思。工作时间周一至周五8:30-12:00 13:30-18:00
220,,张博,,0,
221,广州,maggie,广东,0,
222,西城,ChRis,北京,1,抱歉 根据相关法律法规 此人信息暂不可见
223,,静静,北京,2,
224,广州,Mr.j👻,广东,1,Trust The Process
225,房山,果冬梅,北京,2,“他从未成熟，但一刻也没有停止生长”
226,荆州,姓张名聪,湖北,1,我就是我，颜色不一样的烟火┏ (^ω^)=☞
227,,Charles Xie,,0,
228,,李敏玲,,0,生命中的很多事轻如鸿毛，却让人难以承受。
229,昌平,Hamsta,北京,1,简单 修身 随性
230,广州,低碳南,广东,1,以梦为马，不负韶华。
231,,三三,,1,=￣ω￣=干巴爹
232,无锡,清欢💋,江苏,2,白茶清欢无别事，我在等风也等你
233,梁平,小豪,重庆,2,
234,海淀,刘杨🍡,北京,2,
235,,张策尧Charles,Cuando Cubango,1,"放下自我，关注细节！
好好说话，认真做事！"
236,宁德,小鹿瘦瘦,福建,2,self-discipline 
237,徐汇,Lillian,上海,2,谁也没有看见过风
238,渝北,糖糖、,重庆,2,何以解忧、唯有暴富
239,郴州,树,湖南,2,今天就是有一天
240,秦皇岛,冥布丁,河北,2,开开心心重新做人
241,,袁雯郡🌟,北京,2,
242,广州,Liush227,广东,1,好吧，
243,,京东小助手,,0,请叫我宝宝
244,朝阳,Song🌸,北京,2,出发，永远是最有意义的事
245,海淀,王珊,北京,2,
246,广州,胡Dengping,广东,1,乐于生活
247,忻州,张晋浩,山西,1,用实力让情怀落地
248,荆州,YaoMeng,湖北,1,
249,荆州,蔡蔡,湖北,2,
250,,梅思滔,,1,
251,,Uni小可学长@中国,,0,
252,广州,薯条加酱吗,广东,1,
253,,郭嘉昕( ´･ᴗ･` ),Dublin,2,Be true
254,广州,&amp;佩姗&amp;,广东,2,
255,广州,Xieky,广东,1,逐梦
256,惠州,🍓芷兮,广东,2,那些看似到不了的未来，都会成为你所经历的云淡风轻
257,丰台,赵明岳 Cynthia,北京,2,每日有所得 有所为
258,,♛德拉文,Turin,1,『1013•粉画Studio』从感觉出发•现实与梦境穿插
259,丰台,一呀伊,北京,2,(๑• . •๑)
260,杭州,Ronan,浙江,1,
261,晋城,ZH,山西,1,怕什么真理无穷，进一寸有一寸的欢喜
262,广州,范娜,广东,2,缘起性空
263,西安,Kmoon,陕西,2,假作真时真亦假，无为有处有还无。
264,,露,,0,
265,佛山,hoo 敏婷,广东,2,"too fast to live,too young to die <span class=""emoji emoji1f60a""></span> <span class=""emoji emoji1f60a""></span> <span class=""emoji emoji1f60a""></span>"
266,,青菜粥🌱,Tak,2,"温柔以待   初<span class=""emoji emoji2764""></span>️不变<span class=""emoji emoji1f466""></span>🏻"
267,广州,LYF,广东,1,努力！奋斗！
268,,Nsy,,1,要么去旅行，要么读书，身体和心灵一定要有一个在路上。
269,,白中流,,1,万物皆空，因果不空
270,赤峰,刘小胖,内蒙古,1,联想电脑专卖——今合网联想旗舰店(873559)
271,长沙,发条,湖南,0,
272,顺义,hmx,北京,2,
273,广州,CH,广东,1,一个平凡坦然的人的生活记录
274,海淀,汀汀,北京,2,
275,太原,李晋豫,山西,2,不做中间派
276,,Kiara陈汁,,2,不足为外人道也
277,朝阳,北京盘子古装馆,北京,2,中国专业古装摄影第一品牌
278,西城,程玥SSR,北京,2,好死不如赖活着
279,,Synet小助手-布朗熊,,0,周末休息工作时间工作日9:00-18:00其他回复不及时 群统一拉 
280,东莞,元气小肥肥,广东,2,把日子过得可爱点
281,怀柔,青小青,北京,2,这是很长 很好的一生
282,广州,刘高辰,广东,1,"<span class=""emoji emoji1f4ab""></span>"
283,,ANNA小姐纯银饰品（已满）,,0,
284,,小姨,Budapest,2,fake it till you become it
285,,悦悦学姐@考研人,上海,2,新东方在线，考研、雅思托福课程均有优惠，咨询悦悦学姐
286,海淀,帕克,北京,1,我是一个需要夸赞的，肤浅的人。
287,广州,七岁薇,广东,2,"一只精致的猪猪女孩<span class=""emoji emoji1f467""></span>"
288,丰台,yuzu悦🍭,北京,2,我在等风也等你
289,朝阳,冯敬,北京,2,心比长相好，懂比爱重要！
290,朝阳,不要叫我大多肉,北京,2,do and keep
291,,黑骐,,1,忙着长大
292,,Cynthia,,2,
293,,韩放,北京,2,
294,杭州,A无敌大狗子,浙江,2,宝贝我卖片ε๑ï๑з
295,西城,张清新,北京,2,银色小船摇摇晃晃弯弯  悬在绒绒的天上
296,,谭栋钊,,1,黑丑胖
297,朝阳,虎仔,北京,1,You're my end and my beginning.
298,商丘,努力奋斗和爱,河南,1,无冥冥之志者，无昭昭之明；无惛惛之事者，无赫赫之功
299,Winston-Salem,小春,Forsyth,2,人生有火锅就好～～
300,,华南实习汪6号,,0,此号已满，请加新号哦。微信号：MasterChenX
301,,书卷飘香,,1,持平常心，做平凡人
302,长春,张文皓,吉林,1,大家好，给大家介绍一下，这是我的女朋友。@璐璐璐璐
303,深圳,LionTigerWong,广东,1,都是好事儿--孙一峰
304,Washington,万鹏博,DistrictofColumbia,1,不悔梦归处，只恨太匆匆
305,顺义,Fan,北京,1,
306,,南极人_小妍,,0,"感情深，南极人。<span class=""emoji emoji1f60a""></span><span class=""emoji emoji1f60a""></span>"
307,惠州,龙山飞俊,广东,1,数学
308,,雨山歌,北京,2,"business<span class=""emoji emoji2747""></span><span class=""emoji emoji2747""></span><span class=""emoji emoji2747""></span>"
309,成都,王润,四川,2,既然选择了远方，便只顾风雨兼程、扬帆起航！
310,长沙,鲁西西,湖南,2,觉得最冷的时候，就是天快亮的时候。
311,,乾唐轩活瓷杯正品折扣店,,1,
312,,乔小堂-简历诊断小助手,,2,"乔布简历首席AI<span class=""emoji emoji1f431""></span> 有时忙回复不及请耐心⌛️，急召请注明哦"
313,厦门,杨莉Yvonne😊,福建,2,"Keep simple, stay real"
314,朝阳,傍章鱼 🐙 🐙,北京,2,axx
315,荆州,轩卉黄,湖北,2,🤐
316,浦东新区,小2哥☺️,上海,2,噜啦啦噜啦啦噜啦噜啦嘞
317,荆州,齐可羞,湖北,2,
318,大兴,白云皓,北京,1,这一生只愿只要平凡快乐、谁说这样不伟大呢～
319,,杨航,,1,刹那芳华间，我自清欢。
320,,🎈Yang LU,,2,正因要经历磨难，我们才倍感珍惜。
321,广州,烨,广东,2,当你觉得为时已晚，正恰逢其时
322,广州,Chen🐼,广东,2,我不是草莓味
323,广州,Tam.,广东,2,
324,丰台,An赛蜜๑,北京,2,公主的甜美属于你  成熟的王冠也属于你
325,西城,鱼豆腐 🎏,北京,2,✝ 你也许不幸运，但可以很努力。
326,丰台,我叫丁颖☀️,北京,2,好男儿胸怀似大海
327,密云,王庆宇,北京,1,
328,青浦,健身教练LA-订制私教课程,上海,1,
329,广州,梁斯婷,广东,2,"TYPICAL SAGITTARIUS
WAITING FOR U"
330,,CareerFrog小花生,上海,2,职业蛙，求职力MAX
331,海淀,💋念奴娇.,北京,2,Make more time
332,信阳,🍯,河南,2,是片刻组成永恒啊
333,Boston,Kevin K. Shaw,Massachusetts,1,男的。头像是情侣的 Male. Photo intended to pair with my gf.
334,丰台,朱绮娴,北京,2,
335,武汉,李二、,湖北,1,沅有芷兮澧有兰
336,武汉,Jayce,湖北,1,be curious
337,丰台,胡佩,北京,2,愿你出走半生，归来仍是少年！
338,青岛,戴奕迅,山东,1,天赋是用筷子打鸡蛋
339,丰台,小花妹妹,北京,2,心有灵犀就还会重逢
340,,王郑,北京,2,星空三千丈编一编做翅膀
341,朝阳,艾拉姑娘🐶,北京,2,"余生很长，请努力做自己<span class=""emoji emoji1f48b""></span>"
342,荆州,AdamJ,湖北,1,"何以解忧,唯有暴富"
343,,从未离开,,2,换我心，为你心，始知相忆深。
344,丰台,嗯嗯,北京,2,never and ever
345,Houston,mitang,Texas,1,有胡思乱想的功夫不如静下心来学习     不发朋友圈了 没删人
346,绍兴,W.,浙江,2,
347,西城,宋丽敏,北京,2,岁月不饶人，我又何尝饶过谁
348,昌平,梦久.          ζ,北京,2,不畏将来 不念过往 -
349,昌平,耿高惠,北京,2,
350,,riscatto,北京,1,莫因诗卷愁成谶，春鸟秋虫自作声
351,,大头,,1,
352,朝阳,🐑Liz∑(ﾟДﾟ),北京,2,
353,武汉,倪倪倪,湖北,2,simple
354,,酲醉,,2,越努力越幸运
355,广州,清平乐,广东,1,
356,西安,红鲤鱼与绿鲤鱼与驴,陕西,1,夜幕覆盖华北平原，忧伤浸透她的脸
357,,毛明扬,上海,1,To be a world traveler ！
358,莱芜,珊珊,山东,2,Everything will be ok! And choice what you like !
359,泉州,千寻-,福建,2,现在做的虽然辛苦，但是未来发生的都是礼物。
360,,。,,2,
361,,爱思益小天使 ,,0,爱思益
362,荆州,从未出现的风景,湖北,0,咩～🐏
363,朝阳,百特慢,北京,1,(*^ω^*)着跟过去告别
364,朝阳,你们都还好吗,北京,2,웃자(^-^)
365,济南,黄金左手加藤豪,山东,1,求二餐食堂把我养胖……
366,,🌸🌿,重庆,2,
367,昌平,🐑 🐑 JING玲,北京,2,
368,,River🌸,,2,星空还是星空 鱼儿不知去向
369,,诗雨-Sylvia,Toulouse,2,简单且自由，并有胆量去追求自己喜欢的任何事。
370,丰台,苏铎,北京,1,南朝四百八十寺，多少楼台烟雨中。
371,,杨思成🌚,GD,1,
372,,璇,,0,
373,通州,Zb、l,北京,1,A Covenant of Salt For Love
374,广州,大肥蛋,广东,2,You are more than what you have become now
375,茂名,黎明良LEO,广东,1,通往成熟的道路
376,,Lillian 'ଳ',,2,"半醒半醉日复日，花落花开年复年。
"
377,浦东新区,Z霖霖,上海,0,DIY研习社首席客服～
378,广州,qín小艺,广东,2,"“覃”念qín,不念tán."
379,海淀,刘茜~🍬,北京,2,"<span class=""emoji emoji1f431""></span>"
380,,见好,,2,浮云吹作雪   世味煮成茶                                     
381,,carp,Madrid,1,
382,荆州,🌬大曦爷🌟,湖北,2,我可是想开大G的人呢😬
383,广州,？,广东,1,You are more than what you have become
384,,Cheisk,,1,珍惜今宵记住我
385,潮州,吴昕帆,广东,1,Oathkeeper
386,衡阳,LZzzzzzzz~,湖南,2,难道攀不到青云便在愁城自困
387,中山,佩2仔,广东,2,
388,铜梁,Julie🌼,重庆,2,如果我会发光，就不会害怕黑暗
389,福州,李从心,福建,2,be a man
390,广州,geek312,广东,1,
391,,杨🌴,,2,
392,丰台,晨ooc,北京,2,"相信爱会永恒
相信每个陌生人
相信你会成为最想成为的人"
393,朝阳,🎀AKBACLDLY🎀,北京,2,"do right,be cool"
394,阿勒泰,北城以北有雪丶,新疆,1,"这个世界

麻烦你

对我温柔些"
395,广州,高健铭,广东,1,
396,,白啊白,,1,稍等片刻，请容许我伸个懒腰
397,荆州,认真的雪碧,湖北,1,大繁入尘
398,广州,梅云,广东,1,"其实你并不孤单，
在这世界的每一个角落都有人在奋斗。"
399,丰台,党党💓,北京,2,triumph
400,,Jessica_offer玄学,,2,
401,丰台,吉吉,北京,2,"<span class=""emoji emoji1f31f""></span>"
402,朝阳,派派八妹（加我时备注姓名+年级）,北京,2,加我记得备注，不备注不通过。工作时间周一至周五早9晚6
403,武汉,cecilhwang,湖北,1,No one has the obligation to accept the worst of you.
404,丰台,胖丽,北京,2,放一场更大的火
405,Melbourne,夏虫不语冰,Victoria,2,嘿~亲爱的2018
406,广州,*只道是年少。,广东,2,你若想改变，就从丢弃那些旧物开始。
407,揭阳,Z哲佳,广东,1,但行好事，莫问前程。
408,衡阳,🍃,湖南,2,没努力不用心  凭什么交到好运
409,,Andrea,北京,2,Mr. Bean
410,,天籁之音,Paris,1,细水长流，成其久远！
411,,Ayla,北京,2,一个活泼可爱喜欢笑，活得精致，热爱工作热爱生活的猪猪女孩～
412,厦门,🍇,福建,2,不喜欢不真诚的人 看不到圈的不加
413,Brisbane,gnemlii,Queensland,2,"Stress less, chill more"
414,,小鱼仙倌,北京,0,"2 2<span class=""emoji emoji1f49b""></span>"
415,南昌,章志恒✨,江西,1,"事止于我<span class=""emoji emoji1f4aa""></span>🏻（fight"
416,丰台,贝叶斯的洛必达,北京,2,但行好事，莫问前程。
417,Los Angeles,Liangzi_G,California,2,"Hallelujah<span class=""emoji emoji1f423""></span>"
418,广州,Minerva,广东,2,"<span class=""emoji emoji1f353""></span><span class=""emoji emoji1f433""></span>"
419,,笛卡尔,,1,
420,包头,Ooo🐟,内蒙古,2,梦想变酷的咸鱼
421,广州,Lance,广东,1,Brief is life，but love is long.
422,珠海,123123,广东,2,会动的，超级可爱🤔🤔🤔🤔
423,荆州,Xzz-seven,湖北,2,"忙着变优秀的<span class=""emoji emoji1f437""></span>宝"
424,,CareerFrog小安安,,2,"不是机器人<span class=""emoji emoji1f602""></span> ，节假日偶尔在线"
425,延庆,李涛,北京,1,
426,广州,未见青山老,广东,2,你会遇见爱人，也会打败敌人；你会手捧鲜花，也会满身伤痕。
427,朝阳,Isabella 😶,北京,2,不忘初心
428,荆州,黑桃K.♠,湖北,2,#不要放弃让自己开心起来的机会#
429,深圳,Brook,广东,1,济沧海
430,广州,红茶馆,广东,1,
431,朝阳,kuma大魔王,北京,2,愿自由真挚 勇敢清醒
432,通州,陈恩,北京,1,有得有失，所想所思。
433,,ALWAYS 花路~🌸,Paris,2,"只走花路<span class=""emoji emoji1f338""></span>"
434,荆州,张简炼,湖北,1,岁月不堪数，故人不知处。
435,绍兴,燕子南飞,浙江,2,时间你走的太快了，可以慢点吗？
436,南昌,皇阿玛,江西,2,90斤。
437,江北,beauty,重庆,2,其实都没有
438,,🙃,,1,大道五十，天衍四十九，人遁其一
439,,👻Pluto。,,2,怕什么前途未知，进一寸有进一寸的欢喜。
440,Vancouver,666💤,British Columbia,1,away but never gone
441,呼伦贝尔,吃兔子🐰的胡萝卜,内蒙古,2,性格中天生中又有自傲的一面，越是自卑就越想证明自己我行
442,Washington D.C.,ちびまるこちゃん,District of Columbia,2,さくらももこ种一叶梧桐 斫千秋知音
443,广州,巧无声息,广东,2,
444,揭阳,ZEM,广东,1,I CAN DO ALL THINGS.
445,,Picassu,上海,2,
446,,🐱 🐱,,2,
447,,我走路带风😖,,2,我相信你正在与我相遇的路上马不停蹄
448,武汉,科科,湖北,1,
449,广州,刘婵小娟娟,广东,2,勇敢的担当
450,株洲,向伯轩,湖南,1,壹
451,珠海,何从宇,广东,1,日月年
452,西城,张佳楠 ଲ,北京,2,在四月快结束的时候我们做了一场没有春天的梦
453,荆州,Helen噜噜,湖北,2,风里有诗句
454,广州,对方正在输入...,广东,1,"我要睡到天昏地暗<span class=""emoji emoji1f411""></span>"
455,东城,没错 就是我,北京,1,以前打扰了 以后不会了
456,,加群助手@熊花卷（不咨询）,,0,
457,广州,连祥凯,广东,1,
458,广州,一颗黄豆,广东,2,想在阳光里赖到它落山
459,丰台,张蒙爱,北京,2,躬身自省此长生
460,温州,潜意识,浙江,2,凡事包容，凡事相信，凡事盼望，凡事忍耐。
461,,青枝,Clare,2,我不坚强，懦弱给谁看
462,石家庄,刘海维,河北,1,Embrace  change
463,广州,RoJect.,广东,1,我死的时候会聪明绝顶
464,成都,SLQ🍒🍒🍒,四川,2,要么提升能力，要么降低要求
465,荆州,All we know,湖北,1,年年岁岁花相似，岁岁年年人不同
466,海淀,Sure,北京,1,introspection
467,,nancy,Male Atoll,2,幼稚？！
468,深圳,pp plus,广东,2,是羞愧是我不敢落得太落后
469,朝阳,makeup小柯💥,北京,2,"-                 
         不忘初心"
470,长沙,死鱼菌=),湖南,2,🦄️🦄️🦄️
471,海淀,是潇宁不是消零(´･_･`),北京,2,好运来( ¨̮ )
472,荆州,Usopp,湖北,1,怎奈身无彩凤双飞翼，心无灵犀不可通
473,,黄颖倩,,1,逝川与流光 飘忽不相待
474,,木子,St. Catharines,2,Keep going
475,London,IversonChen💦🏅,England,2,兵马未动 粮草先行
476,青岛,不凡工作室·韩都专营,山东,2,超高性价比韩都衣舍正品
477,,对方正在输入...（任竹寒）,北京,2,少年不识爱恨一生最心动
478,徐汇,聂宇鸣,上海,1,仲夏柠叶香 你莞尔的笑
479,台州,江🐮🐮,浙江,2,一蓑烟雨任平生
480,广州,小脑袋要装好多东西呀,广东,2,
481,武汉,木梓,湖北,2,
482,江门,谭键滨,广东,1,虚构角色。
483,广州,万群峰,广东,1,一无所有
484,朝阳,王少侠,北京,1,头发协会。
485,,李六一,北京,2,ღ
486,杭州,小塔 🍓,浙江,2,我是衣品天成女装主理人小塔
487,,AIQY,,1,lqy的小跟班
488,临沂,zhangzhp,山东,1,
489,海淀,LLMF🤯,北京,1,Get ur ass out here.
490,武汉,蔡艳清,湖北,2,爱是最美的拥有.
491,,武玥,,2,星光不问赶路人，时光不负有心人
492,丰台,wallflower_xinyue,北京,2,自由和浪漫是我永远的信仰
493,广州,Joyce·烨🙈🙉🙊,广东,2,"On fonce, on force"
494,广州,Sammy潇,广东,2,情义安可放
495,广州,小肉串要加油,广东,2,只有爱才能够明白\家是唯一的城堡 
496,,Joy.,,0,Don't let anyone tell you you're not a unicorn🦄️
497,,不苦小糖,北京,2,日子永远是越过越好的，有一种幸福叫做来日可期
498,,阿萌,,2,既然琴瑟起，何以笙箫默
499,南阳,Jagger,河南,1,你想活出怎樣的人生？
500,大兴,张梦,北京,2,🐼山高水长
501,广州,Jᴏᴇy🐳,广东,2,我用别人的爱 定义存在
502,昆明,🎄,云南,2,世界上只有一种英雄主义，就是在认清生活的真相后依然热爱生活
503,荆州,犊,湖北,2,你是你自己的英雄
504,荆州,。,湖北,1,
505,广州,Krory小杨,广东,1,
506,,Eggplant🦄なす,北京,2,Survive and thrive
507,怀柔,应节而舞,北京,2,我有狗了
508,,嘿不溜秋~,湖北,2,
509,广州,Indes Galantes,广东,2,桃之夭夭，灼灼其华
510,,陈🐳肥,,1,第二本日记本
511,,　　　　　　,,2,
512,广州,Singo🤔,广东,2,"Baxia<span class=""emoji emoji1f353""></span>"
513,,果丹皮,,2,“如夜间行船，时而伸手不见五指，时而光华满目”
514,长沙,一只大橙子,湖南,1,在一瞬间 有一百万个可能
515,广州,伊凡,广东,1,命由己造，相由心生
516,广州,赵胚芽ฅฅ*,广东,2,致谢 志燮
517,,荆东杰 Donna,北京,2,称意即相宜
518,Changnin,小灶Joan1,Shanghai,2,回复时间：工作日10:00-20:00，周末可留言哦~
519,丰台,🌿Lee🌸,北京,2,
520,,小🐎,北京,1,立志早睡的未中年男子
521,丰台,杜杜杜,北京,2,青松笑对人参
522,广州,罗雪,广东,2,
523,广州,sunnius,广东,1,
524,南阳,张帆,河南,1,有信有义 有情有趣 出世之心 入世之事
525,广州,心茗,广东,1,Two months.
526,开封,苍梧涨海,河南,1,我的小舟驶向远方
527,荆州,蔡不苦,湖北,1,"all for one,one for all"
528,,凉,北京,2,"🍒<span class=""emoji emoji1f353""></span><span class=""emoji emoji1f34a""></span><span class=""emoji emoji1f349""></span>摄影师"
529,南京,金炯,江苏,1,把路走宽
530,通州,Erin Zong,北京,2,愿你出走片刻，归来不再彷徨。
531,丰台,卓MH,北京,2,"让青春吹动了你的长发，

让它牵引你的梦，"
532,东城,Maix,北京,2,"<span class=""emoji emoji1f48c""></span> 栗宝宝的电影小铺～"
533,长沙,Lamda,湖南,2,幸福是奋斗出来的
534,,Coolfly,,1,铮
535,,💭,,2,@Tootwoto兔
536,荆州,毛睿,湖北,1,曾经的无知和失败超乎我想象
537,,李芳菲,,2,
538,,朱新宇,,2,Less is more.
539,丰台,高寒,北京,2,人生就是: 永远在路上，永远步履匆匆。
540,,-Renaissance🌸,DZ,2,
541,,NovXx,,2,鱼好吃不好吃米粒儿知道
542,宜宾,圈圈🐙,四川,2,"可爱即正义 | 愿永不失孩子气<span class=""emoji emoji1f388""></span>"
543,广州,Irene Chen,广东,2,
544,资阳,十一月,四川,2,我仿佛可以看见那片枫树海
545,,刘小涛涛先生💧,北京,1,
546,广州,一心,广东,2,厚积薄发
547,武汉,beast！,湖北,1,蛤？
548,高雄市,筱18800171802,台湾,1,已注销                                                      
549,荆州,Abbey欢～～,湖北,2,Resilient to the slings and arrows of life
550,石景山,一束小萝卜🥕,北京,2,"CMB个贷部<span class=""emoji emoji260e""></span>️18813022721"
551,深圳,GP,广东,1,你不重要，你的喜欢很重要
552,,#,,2,好好学习。
553,,♞♚LILY♬★,,2,嗨
554,Madison,童揚帆,Wisconsin,1,在失去你的风景里面
555,Gwacheon,米咂儿,Jeju-do,2,
556,丹东,王傲,辽宁,1,
557,顺义,李大胆💃,北京,2,无关逻辑，只是信仰
558,成都,素履,四川,1,It's not the end but just beginning.
559,,刘可训最爱搞学习,Yamagata,1,凡此过往，皆为序章.725
560,密云,Fiona-菲,北京,2,在疯玩儿傻闹上，当个怂人就好🌝
561,武汉,啭鸣之贝,湖北,2,.
562,,打铁还需自身硬💪🏻,吉林,1,"坚强而勇敢，仁慈而善良<span class=""emoji emoji1f3c4""></span>"
563,广州,Delimma,广东,1,大约时光如此
564,,齐悦,,0,
565,广州,曾昭梓,广东,1,此去经年，应是良辰美景虚设。
